"OTUID","Kigoma14","Kigoma12","Kigoma11","Kigoma10","Kigoma9","Kigoma7","Kigoma6","Kigoma5","Kigoma4","Kigoma3","Kigoma2","Kigoma13","MahaleN1","MahaleN2","MahaleN3","MahaleA","MahaleB","eDNA11","MahaleN5","MahaleE","eDNA10","eDNA9","MahaleN4","eDNA8","eDNAtran5","eDNAtran4","eDNA7","eDNAtran3","eDNAtran2","eDNAtran1","MahaleH","eDNA6","eDNA5","eDNA4","eDNA3","eDNA2","eDNA1","MahaleS4","MahaleS3","MahaleS2","MahaleS6","MahaleS1","MahaleS9","MahaleS5","MahaleS8","MahaleS7"
"ASV_13",11,100,0,7,19,50,9,21,30,0,58,0,0,0,0,63,0,71,0,0,100,0,0,0,0,27,69,100,0,50,0,0,0,0,0,0,0,81,0,37,0,100,0,0,100,0
"ASV_15",0,0,0,0,48,50,12,76,50,0,42,65,0,73,0,30,0,29,63,0,0,0,0,100,0,0,19,0,0,25,0,0,0,100,0,0,0,19,0,0,63,0,0,0,0,0
"ASV_27",72,0,0,80,20,0,30,3,20,0,0,0,0,27,0,0,0,0,37,0,0,0,0,0,0,56,0,0,0,0,100,0,0,0,0,0,0,0,0,18,0,0,0,0,0,0
"ASV_56",0,0,0,0,0,0,0,0,0,0,0,0,0,0,0,0,0,0,0,0,0,0,0,0,0,0,0,0,0,0,0,0,0,0,0,0,0,0,0,45,0,0,0,0,0,0
"ASV_73",0,0,0,0,0,0,0,0,0,0,0,0,0,0,0,0,0,0,0,0,0,0,0,0,0,0,0,0,0,0,0,0,0,0,0,0,0,0,0,0,37,0,100,0,0,0
"ASV_118",0,0,0,0,4,0,0,0,0,0,0,35,0,0,100,0,0,0,0,0,0,0,0,0,0,0,0,0,0,0,0,0,0,0,0,0,0,0,0,0,0,0,0,0,0,0
"ASV_218",0,0,0,10,0,0,0,0,0,0,0,0,0,0,0,0,0,0,0,0,0,0,0,0,0,0,12,0,0,0,0,0,0,0,0,0,0,0,0,0,0,0,0,0,0,0
"ASV_276",0,0,0,0,0,0,0,0,0,0,0,0,0,0,0,0,0,0,0,0,0,0,0,0,0,0,0,0,0,0,0,0,0,0,0,0,0,0,0,0,0,0,0,0,0,0
"ASV_303",0,0,0,0,0,0,50,0,0,0,0,0,0,0,0,0,0,0,0,0,0,0,0,0,0,0,0,0,0,0,0,0,0,0,0,0,0,0,0,0,0,0,0,0,0,0
"ASV_304",0,0,0,0,9,0,0,0,0,0,0,0,0,0,0,0,0,0,0,0,0,0,0,0,0,0,0,0,0,0,0,0,0,0,0,0,0,0,0,0,0,0,0,0,0,0
"ASV_384",0,0,0,0,0,0,0,0,0,0,0,0,0,0,0,0,0,0,0,0,0,0,0,0,0,0,0,0,0,0,0,0,0,0,0,0,0,0,0,0,0,0,0,0,0,0
"ASV_427",16,0,0,0,0,0,0,0,0,0,0,0,0,0,0,0,0,0,0,0,0,0,0,0,0,0,0,0,0,0,0,0,0,0,0,0,0,0,0,0,0,0,0,0,0,0
"ASV_433",0,0,0,0,0,0,0,0,0,0,0,0,0,0,0,0,0,0,0,0,0,0,0,0,0,0,0,0,0,0,0,0,0,0,0,0,0,0,0,0,0,0,0,0,0,0
"ASV_443",0,0,0,0,0,0,0,0,0,0,0,0,0,0,0,7,0,0,0,0,0,0,0,0,0,0,0,0,0,0,0,0,0,0,0,0,0,0,0,0,0,0,0,0,0,0
"ASV_450",0,0,0,4,0,0,0,0,0,0,0,0,0,0,0,0,0,0,0,0,0,0,0,0,0,0,0,0,0,0,0,0,0,0,0,0,0,0,0,0,0,0,0,0,0,0
"ASV_461",0,0,0,0,0,0,0,0,0,0,0,0,0,0,0,0,0,0,0,0,0,0,0,0,0,0,0,0,0,25,0,0,0,0,0,0,0,0,0,0,0,0,0,0,0,0
"ASV_485",0,0,0,0,0,0,0,0,0,0,0,0,0,0,0,0,0,0,0,0,0,0,0,0,0,0,0,0,0,0,0,0,0,0,0,0,0,0,0,0,0,0,0,0,0,0
"ASV_521",0,0,0,0,0,0,0,0,0,0,0,0,0,0,0,0,0,0,0,0,0,0,0,0,0,17,0,0,0,0,0,0,0,0,0,0,0,0,0,0,0,0,0,0,0,0
